Unnamed: 0,COUNTRY,ISO3,WHO_REGION,DATA_SOURCE,DATE_UPDATED,TOTAL_VACCINATIONS,PERSONS_VACCINATED_1PLUS_DOSE,TOTAL_VACCINATIONS_PER100,PERSONS_VACCINATED_1PLUS_DOSE_PER100,PERSONS_LAST_DOSE,PERSONS_LAST_DOSE_PER100,VACCINES_USED,FIRST_VACCINE_DATE,NUMBER_VACCINES_TYPES_USED,PERSONS_BOOSTER_ADD_DOSE,PERSONS_BOOSTER_ADD_DOSE_PER100
0,Aruba,ABW,AMRO,REPORTING,2023-12-29,217124.0,90493.0,203.0,85.0,84363.0,79.0,0.0,2021-02-17,0.0,35659.0,33.0
1,Afghanistan,AFG,EMRO,REPORTING,2023-12-31,22964750.0,19151369.0,59.0,49.0,18370386.0,47.0,0.0,2021-02-22,0.0,2729940.0,7.0
2,Angola,AGO,AFRO,REPORTING,2023-12-31,27819132.0,16550642.0,85.0,50.0,9609080.0,29.0,0.0,2021-03-10,0.0,3067091.0,9.0
3,Anguilla,AIA,AMRO,REPORTING,2023-12-29,24864.0,10858.0,166.0,72.0,10382.0,69.0,0.0,2021-02-05,0.0,3231.0,22.0
4,Albania,ALB,EURO,REPORTING,2023-12-23,3088966.0,1349255.0,107.0,47.0,1279333.0,44.0,0.0,2021-01-13,0.0,402371.0,14.0
5,Andorra,AND,EURO,REPORTING,2023-12-23,157072.0,57913.0,203.0,75.0,53501.0,69.0,0.0,2021-01-20,0.0,43071.0,56.0
6,Argentina,ARG,AMRO,REPORTING,2023-12-29,116686617.0,41188650.0,258.0,91.0,38090133.0,84.0,0.0,2020-12-29,0.0,27718875.0,61.0
7,Armenia,ARM,EURO,REPORTING,2023-12-23,2256919.0,1150915.0,76.0,39.0,1030758.0,35.0,0.0,2021-01-27,0.0,81354.0,3.0
8,Antigua and Barbuda,ATG,AMRO,REPORTING,2023-12-29,136512.0,64290.0,139.0,66.0,62384.0,64.0,0.0,2021-03-01,0.0,9838.0,10.0
9,Australia,AUS,WPRO,REPORTING,2023-12-31,69686752.0,22443557.0,273.0,88.0,21766240.0,85.0,0.0,2021-02-21,0.0,14391682.0,56.0
10,Austria,AUT,EURO,REPORTING,2023-12-23,20403676.0,6909588.0,229.0,78.0,6682372.0,75.0,0.0,2020-12-30,0.0,5405966.0,61.0
11,Azerbaijan,AZE,EURO,REPORTING,2023-12-23,13829360.0,5436662.0,136.0,54.0,4888112.0,48.0,0.0,2021-01-20,0.0,3504588.0,35.0
12,Burundi,BDI,AFRO,REPORTING,2023-12-31,42252.0,36909.0,0.0,0.0,36321.0,0.0,0.0,2021-10-18,0.0,314.0,0.0
13,Belgium,BEL,EURO,REPORTING,2023-12-23,29117755.0,9248897.0,253.0,80.0,9152736.0,79.0,0.0,2020-12-30,0.0,7246551.0,63.0
14,Benin,BEN,AFRO,REPORTING,2023-12-31,4232541.0,3697190.0,35.0,30.0,2742837.0,23.0,0.0,2021-03-29,0.0,0.0,0.0
15,Burkina Faso,BFA,AFRO,REPORTING,2023-12-31,7893609.0,6089089.0,38.0,29.0,5232347.0,25.0,0.0,2021-06-02,0.0,4056.0,0.0
16,Bulgaria,BGR,EURO,REPORTING,2023-12-23,4723016.0,2155863.0,68.0,31.0,2080472.0,30.0,0.0,2020-12-30,0.0,864723.0,12.0
17,Bahamas,BHS,AMRO,REPORTING,2023-12-29,366359.0,174810.0,93.0,44.0,166972.0,42.0,0.0,2021-03-14,0.0,33717.0,9.0
18,Bosnia and Herzegovina,BIH,EURO,REPORTING,2023-12-23,1190949.0,546013.0,36.0,17.0,461202.0,14.0,0.0,2022-01-01,0.0,182203.0,6.0
19,Belarus,BLR,EURO,REPORTING,2023-12-23,22765402.0,6451746.0,241.0,68.0,6366658.0,67.0,0.0,2021-02-03,0.0,5724423.0,61.0
20,Belize,BLZ,AMRO,REPORTING,2023-12-29,511106.0,236221.0,129.0,59.0,221478.0,56.0,0.0,2021-03-01,0.0,53189.0,13.0
21,Bermuda,BMU,AMRO,REPORTING,2023-12-29,136759.0,48554.0,220.0,78.0,47657.0,77.0,0.0,2021-01-11,0.0,32016.0,51.0
22,Bolivia (Plurinational State of),BOL,AMRO,REPORTING,2023-12-29,16104540.0,7505389.0,138.0,64.0,6307628.0,54.0,0.0,2021-01-30,0.0,2521192.0,22.0
23,Brazil,BRA,AMRO,REPORTING,2023-12-29,516237106.0,184663245.0,243.0,87.0,172876264.0,81.0,0.0,2021-01-17,0.0,110574302.0,52.0
24,Barbados,BRB,AMRO,REPORTING,2023-12-29,384049.0,163853.0,134.0,57.0,155047.0,54.0,0.0,2021-01-08,0.0,62848.0,22.0
25,Botswana,BWA,AFRO,REPORTING,2023-12-31,3171667.0,1951054.0,135.0,83.0,1663490.0,71.0,0.0,2021-03-26,0.0,510809.0,22.0
26,Central African Republic,CAF,AFRO,REPORTING,2023-12-31,3342248.0,2600389.0,69.0,54.0,2484985.0,51.0,0.0,2021-03-19,0.0,366221.0,8.0
27,Canada,CAN,AMRO,REPORTING,2023-12-29,99034734.0,32647931.0,262.0,87.0,31314748.0,83.0,0.0,2020-12-14,0.0,19860368.0,53.0
28,Switzerland,CHE,EURO,REPORTING,2023-12-23,16755985.0,6096600.0,194.0,70.0,5723066.0,66.0,0.0,2020-12-23,0.0,4996650.0,58.0
29,Chile,CHL,AMRO,REPORTING,2023-12-29,66864900.0,17538744.0,350.0,92.0,17721999.0,93.0,0.0,2020-12-21,0.0,15779434.0,83.0
30,C�te d'Ivoire,CIV,AFRO,REPORTING,2023-12-31,25263932.0,13568372.0,96.0,51.0,12164304.0,46.0,0.0,2021-03-01,0.0,3138712.0,12.0
31,Cameroon,CMR,AFRO,REPORTING,2023-12-31,4880572.0,3753733.0,18.0,14.0,3197286.0,12.0,0.0,2021-04-12,0.0,803560.0,3.0
32,Democratic Republic of the Congo,COD,AFRO,REPORTING,2023-12-31,18808671.0,17045721.0,21.0,19.0,14399520.0,16.0,0.0,2021-04-19,0.0,0.0,0.0
33,Congo,COG,AFRO,REPORTING,2023-12-31,833210.0,695760.0,15.0,13.0,654119.0,12.0,0.0,2021-03-23,0.0,0.0,0.0
34,Colombia,COL,AMRO,REPORTING,2023-12-29,90931192.0,43012174.0,179.0,85.0,37204128.0,73.0,0.0,2021-02-17,0.0,14944212.0,29.0
35,Comoros,COM,AFRO,REPORTING,2023-12-31,835021.0,438825.0,96.0,50.0,397080.0,46.0,0.0,2021-04-10,0.0,0.0,0.0
36,Cabo Verde,CPV,AFRO,REPORTING,2023-12-31,859940.0,356734.0,155.0,64.0,308720.0,56.0,0.0,2021-03-18,0.0,749.0,0.0
37,Costa Rica,CRI,AMRO,REPORTING,2023-12-29,13576935.0,4650636.0,267.0,91.0,4369784.0,86.0,0.0,2020-12-24,0.0,2986527.0,59.0
38,Cuba,CUB,AMRO,REPORTING,2023-12-29,45857667.0,10786800.0,405.0,95.0,10043987.0,89.0,0.0,2022-01-01,0.0,8783298.0,78.0
39,Cura�ao,CUW,AMRO,REPORTING,2023-12-29,260324.0,108601.0,159.0,66.0,100885.0,61.0,0.0,2022-01-01,0.0,47473.0,29.0
40,Cayman Islands,CYM,AMRO,REPORTING,2023-12-29,152148.0,62113.0,232.0,95.0,60696.0,92.0,0.0,2021-01-15,0.0,24064.0,37.0
41,Cyprus,CYP,EURO,REPORTING,2023-12-23,1891597.0,669294.0,213.0,75.0,656138.0,74.0,0.0,2020-12-23,0.0,520026.0,59.0
42,Czechia,CZE,EURO,REPORTING,2023-12-23,18615329.0,6972222.0,174.0,65.0,6887973.0,64.0,0.0,2020-12-23,0.0,4365928.0,41.0
43,Germany,DEU,EURO,REPORTING,2023-12-23,193241457.0,64868618.0,232.0,78.0,63566137.0,76.0,0.0,2020-12-23,0.0,52143826.0,63.0
44,Djibouti,DJI,EMRO,REPORTING,2023-12-31,723789.0,372077.0,73.0,38.0,351712.0,36.0,0.0,2021-03-15,0.0,0.0,0.0
45,Dominica,DMA,AMRO,REPORTING,2023-12-29,67647.0,32995.0,94.0,46.0,30659.0,43.0,0.0,2021-02-12,0.0,3993.0,6.0
46,Denmark,DNK,EURO,REPORTING,2023-12-23,14928430.0,4737987.0,256.0,81.0,4781285.0,82.0,0.0,2020-12-16,0.0,3674678.0,63.0
47,Dominican Republic,DOM,AMRO,REPORTING,2023-12-29,16431089.0,7360900.0,151.0,68.0,6130483.0,57.0,0.0,2021-02-16,0.0,2575142.0,24.0
48,Algeria,DZA,AFRO,REPORTING,2023-12-31,15267442.0,7840131.0,35.0,18.0,6481186.0,15.0,0.0,2021-01-30,0.0,575651.0,1.0
49,Ecuador,ECU,AMRO,REPORTING,2023-12-29,39585085.0,15345791.0,224.0,87.0,14249559.0,81.0,0.0,2021-01-20,0.0,7732930.0,44.0
50,Egypt,EGY,EMRO,REPORTING,2023-12-31,102191677.0,56907319.0,100.0,56.0,42337175.0,41.0,0.0,2021-01-24,0.0,15217352.0,15.0
51,Spain,ESP,EURO,REPORTING,2023-12-23,119228502.0,41332877.0,252.0,87.0,37486219.0,79.0,0.0,2020-12-30,0.0,32914841.0,70.0
52,Estonia,EST,EURO,REPORTING,2023-12-23,2205229.0,845148.0,166.0,64.0,842177.0,63.0,0.0,2020-12-23,0.0,487389.0,37.0
53,Ethiopia,ETH,AFRO,REPORTING,2023-12-31,68856793.0,52489512.0,60.0,46.0,43653006.0,38.0,0.0,2021-03-13,0.0,5978070.0,5.0
54,Finland,FIN,EURO,REPORTING,2023-12-23,14186622.0,4547671.0,257.0,82.0,4365135.0,79.0,0.0,2020-12-23,0.0,4016189.0,73.0
55,France,FRA,EURO,REPORTING,2023-12-23,158060078.0,54677676.0,243.0,84.0,53189148.0,82.0,0.0,2020-12-23,0.0,41042160.0,63.0
56,Gabon,GAB,AFRO,REPORTING,2023-12-31,572672.0,311244.0,26.0,14.0,257471.0,12.0,0.0,2021-03-23,0.0,2592.0,0.0
57,United Kingdom of Great Britain and Northern Ireland,GBR,EURO,REPORTING,2023-12-23,151248820.0,53813491.0,223.0,79.0,50762968.0,75.0,0.0,2020-12-21,0.0,0.0,0.0
58,Georgia,GEO,EURO,REPORTING,2023-12-23,2739270.0,1300867.0,69.0,33.0,1187212.0,30.0,0.0,2021-03-17,0.0,251191.0,6.0
59,Ghana,GHA,AFRO,REPORTING,2023-12-31,25624828.0,13864186.0,82.0,45.0,10780003.0,35.0,0.0,2021-03-02,0.0,4806017.0,15.0
60,Guinea,GIN,AFRO,REPORTING,2023-12-31,12049511.0,8715641.0,92.0,66.0,5853990.0,45.0,0.0,2021-03-05,0.0,425378.0,3.0
61,Guadeloupe,GLP,0,REPORTING,2023-12-29,400424.0,152189.0,100.0,38.0,146147.0,37.0,0.0,2022-01-01,0.0,89052.0,22.0
62,Gambia,GMB,AFRO,REPORTING,2023-12-31,1444492.0,674314.0,60.0,28.0,539186.0,22.0,0.0,2021-03-10,0.0,53741.0,2.0
63,Guinea-Bissau,GNB,AFRO,REPORTING,2023-12-31,920752.0,747057.0,47.0,38.0,547637.0,28.0,0.0,2021-04-02,0.0,76359.0,4.0
64,Equatorial Guinea,GNQ,AFRO,REPORTING,2023-12-31,488738.0,270109.0,35.0,19.0,214032.0,15.0,0.0,2021-02-12,0.0,4597.0,0.0
65,Greece,GRC,EURO,REPORTING,2023-12-23,22155251.0,7917288.0,207.0,74.0,7745574.0,72.0,0.0,2020-12-23,0.0,6071723.0,57.0
66,Grenada,GRD,AMRO,REPORTING,2023-12-29,90686.0,44241.0,81.0,39.0,39034.0,35.0,0.0,2021-02-15,0.0,7411.0,7.0
67,Guatemala,GTM,AMRO,REPORTING,2023-12-29,20383475.0,8937923.0,114.0,50.0,7130895.0,40.0,0.0,2021-02-25,0.0,3723845.0,21.0
68,French Guiana,GUF,0,REPORTING,2023-12-29,242386.0,100359.0,81.0,34.0,90493.0,30.0,0.0,2022-01-01,0.0,46361.0,16.0
69,Guyana,GUY,AMRO,REPORTING,2023-12-29,967861.0,497550.0,123.0,63.0,384507.0,49.0,0.0,2021-02-11,0.0,80224.0,10.0
70,Honduras,HND,AMRO,REPORTING,2023-12-29,17074861.0,6596213.0,172.0,67.0,5853689.0,59.0,0.0,2021-02-22,0.0,4803544.0,48.0
71,Croatia,HRV,EURO,REPORTING,2023-12-23,5435966.0,2321669.0,134.0,57.0,2246622.0,55.0,0.0,2020-12-23,0.0,996098.0,25.0
72,Haiti,HTI,AMRO,REPORTING,2023-12-29,680104.0,521396.0,6.0,5.0,366339.0,3.0,0.0,2022-01-01,0.0,0.0,0.0
73,Hungary,HUN,EURO,REPORTING,2023-12-23,16578284.0,6358657.0,170.0,65.0,6152022.0,63.0,0.0,2020-12-23,0.0,3876420.0,40.0
74,Ireland,IRL,EURO,REPORTING,2023-12-23,13122238.0,4245977.0,264.0,86.0,4063819.0,82.0,0.0,2020-12-30,0.0,3787948.0,76.0
75,Iceland,ISL,EURO,REPORTING,2023-12-23,903424.0,307412.0,248.0,84.0,297934.0,82.0,0.0,2020-12-30,0.0,287652.0,79.0
76,Israel,ISR,EURO,REPORTING,2023-12-23,18852564.0,7055466.0,218.0,82.0,6385731.0,74.0,0.0,2020-12-16,0.0,4474108.0,52.0
77,Italy,ITA,EURO,REPORTING,2023-12-23,150321543.0,50583975.0,252.0,85.0,49484586.0,83.0,0.0,2020-12-23,0.0,44917315.0,75.0
78,Jamaica,JAM,AMRO,REPORTING,2023-12-29,1529113.0,722248.0,52.0,24.0,760800.0,26.0,0.0,2021-03-10,0.0,46065.0,2.0
79,Japan,JPN,WPRO,REPORTING,2023-12-31,433356604.0,104740066.0,343.0,83.0,103455221.0,82.0,0.0,2021-02-17,0.0,86666847.0,69.0
80,Kazakhstan,KAZ,EURO,REPORTING,2023-12-23,38355605.0,12443364.0,204.0,66.0,13070774.0,70.0,0.0,2021-04-07,0.0,6801526.0,36.0
81,Kenya,KEN,AFRO,REPORTING,2023-12-31,23750431.0,14494372.0,44.0,27.0,11090440.0,21.0,0.0,2021-03-05,0.0,2000636.0,4.0
82,Kyrgyzstan,KGZ,EURO,REPORTING,2023-12-23,3167393.0,1528725.0,49.0,23.0,1337850.0,21.0,0.0,2021-03-31,0.0,300818.0,5.0
83,Cambodia,KHM,WPRO,REPORTING,2023-12-31,47826645.0,15316670.0,286.0,92.0,14693274.0,88.0,0.0,2021-02-10,0.0,10782710.0,64.0
84,Saint Kitts and Nevis,KNA,AMRO,REPORTING,2023-12-29,64297.0,33794.0,121.0,64.0,27000.0,51.0,0.0,2021-02-22,0.0,3465.0,7.0
85,Kuwait,KWT,EMRO,REPORTING,2023-12-03,8261221.0,3457498.0,193.0,81.0,3346176.0,78.0,0.0,2020-12-28,0.0,1457547.0,34.0
86,Liberia,LBR,AFRO,REPORTING,2023-12-31,4460668.0,3903802.0,88.0,77.0,3730967.0,74.0,0.0,2021-04-01,0.0,1987.0,0.0
87,Libya,LBY,EMRO,REPORTING,2023-12-31,3653384.0,2316327.0,53.0,34.0,1236102.0,18.0,0.0,2021-04-11,0.0,186729.0,3.0
88,Saint Lucia,LCA,AMRO,REPORTING,2023-12-29,122977.0,60140.0,67.0,33.0,54971.0,30.0,0.0,2021-02-17,0.0,7866.0,4.0
89,Lesotho,LSO,AFRO,REPORTING,2023-12-31,1339097.0,1014073.0,63.0,47.0,938088.0,44.0,0.0,2021-03-10,0.0,177816.0,8.0
90,Lithuania,LTU,EURO,REPORTING,2023-12-23,4532649.0,1960786.0,162.0,70.0,1907061.0,68.0,0.0,2020-12-23,0.0,902103.0,32.0
91,Luxembourg,LUX,EURO,REPORTING,2023-12-23,1337940.0,469285.0,214.0,75.0,462715.0,74.0,0.0,2020-12-30,0.0,368527.0,59.0
92,Latvia,LVA,EURO,REPORTING,2023-12-23,2979624.0,1344394.0,156.0,70.0,1304787.0,68.0,0.0,2020-12-30,0.0,550901.0,29.0
93,Morocco,MAR,EMRO,REPORTING,2023-12-31,55389602.0,25020168.0,150.0,68.0,23521989.0,64.0,0.0,2021-01-28,0.0,6925973.0,19.0
94,Monaco,MCO,EURO,REPORTING,2023-12-23,71929.0,25123.0,183.0,64.0,25261.0,64.0,0.0,2021-06-30,0.0,17747.0,45.0
95,Republic of Moldova,MDA,EURO,REPORTING,2023-12-23,2293086.0,1109524.0,57.0,28.0,1078961.0,27.0,0.0,2021-03-03,0.0,406022.0,10.0
96,Madagascar,MDG,AFRO,REPORTING,2023-12-31,3092063.0,2710365.0,11.0,10.0,2628849.0,9.0,0.0,2021-05-10,0.0,169187.0,1.0
97,Mexico,MEX,AMRO,REPORTING,2023-12-29,222226293.0,96727823.0,172.0,75.0,81346379.0,63.0,0.0,2020-12-24,0.0,57014052.0,44.0
98,North Macedonia,MKD,EURO,REPORTING,2023-12-23,1862987.0,854570.0,89.0,41.0,838181.0,40.0,0.0,2021-02-17,0.0,161633.0,8.0
99,Mali,MLI,AFRO,REPORTING,2023-12-31,5922585.0,4354292.0,29.0,22.0,3633589.0,18.0,0.0,2021-03-31,0.0,0.0,0.0
100,Malta,MLT,EURO,REPORTING,2023-12-23,1282437.0,450535.0,249.0,88.0,444904.0,86.0,0.0,2020-12-23,0.0,354901.0,69.0
101,Montenegro,MNE,EURO,REPORTING,2023-12-23,526975.0,272152.0,84.0,43.0,254365.0,40.0,0.0,2021-02-24,0.0,0.0,0.0
102,Mozambique,MOZ,AFRO,REPORTING,2023-12-31,34950858.0,22869646.0,112.0,73.0,21329745.0,68.0,0.0,2021-03-08,0.0,2323562.0,7.0
103,Mauritania,MRT,AFRO,REPORTING,2023-12-31,4075874.0,2103754.0,88.0,45.0,1540597.0,33.0,0.0,2021-03-26,0.0,383937.0,8.0
104,Montserrat,MSR,AMRO,REPORTING,2023-12-29,4619.0,2104.0,92.0,42.0,1952.0,39.0,0.0,2021-02-08,0.0,563.0,11.0
105,Mauritius,MUS,AFRO,REPORTING,2023-12-31,2616012.0,1123773.0,206.0,88.0,1088142.0,86.0,0.0,2021-01-26,0.0,654507.0,51.0
106,Malawi,MWI,AFRO,REPORTING,2023-12-31,8503954.0,5433538.0,44.0,28.0,4288014.0,22.0,0.0,2021-03-11,0.0,1232829.0,6.0
107,Malaysia,MYS,WPRO,REPORTING,2023-12-31,72647279.0,28137593.0,224.0,87.0,27550612.0,85.0,0.0,2021-02-24,0.0,16347670.0,51.0
108,Namibia,NAM,AFRO,REPORTING,2023-12-31,1005937.0,629767.0,40.0,25.0,550978.0,22.0,0.0,2021-03-19,0.0,298560.0,12.0
109,Niger,NER,AFRO,REPORTING,2023-12-31,7372208.0,6248483.0,30.0,26.0,5483001.0,23.0,0.0,2021-03-29,0.0,0.0,0.0
110,Nigeria,NGA,AFRO,REPORTING,2023-12-31,133048021.0,93829435.0,65.0,46.0,81297808.0,39.0,0.0,2021-03-05,0.0,16826715.0,8.0
111,Nicaragua,NIC,AMRO,REPORTING,2023-12-29,15507763.0,6404524.0,234.0,97.0,6126708.0,92.0,0.0,2021-03-03,0.0,2892531.0,44.0
112,Netherlands (Kingdom of the),NLD,EURO,REPORTING,2023-12-23,40291263.0,13469323.0,231.0,77.0,12405837.0,71.0,0.0,2020-12-30,0.0,12146841.0,70.0
113,Norway,NOR,EURO,REPORTING,2023-12-23,13020641.0,4346149.0,243.0,81.0,4061312.0,76.0,0.0,2020-12-23,0.0,3705726.0,69.0
114,Panama,PAN,AMRO,REPORTING,2023-12-29,9201276.0,3746041.0,213.0,87.0,3178700.0,74.0,0.0,2021-01-20,0.0,1770843.0,41.0
115,Peru,PER,AMRO,REPORTING,2023-12-29,91328338.0,30542485.0,277.0,93.0,28709882.0,87.0,0.0,2021-02-09,0.0,22245062.0,67.0
116,Papua New Guinea,PNG,WPRO,REPORTING,2023-12-04,543670.0,399198.0,6.0,4.0,338004.0,4.0,0.0,2021-03-30,0.0,37525.0,0.0
117,Poland,POL,EURO,REPORTING,2023-12-23,58634593.0,22984543.0,154.0,61.0,22705868.0,60.0,0.0,2020-12-23,0.0,12928562.0,34.0
118,Puerto Rico,PRI,AMRO,REPORTING,2023-12-29,7846764.0,3136418.0,274.0,100.0,2688410.0,94.0,0.0,2022-01-01,0.0,1808780.0,63.0
119,Portugal,PRT,EURO,REPORTING,2023-12-23,27360186.0,9822021.0,266.0,95.0,8910340.0,87.0,0.0,2020-12-23,0.0,7052055.0,68.0
120,Paraguay,PRY,AMRO,REPORTING,2023-12-29,9954852.0,3995915.0,140.0,56.0,3550673.0,50.0,0.0,2021-02-22,0.0,1660766.0,23.0
121,Romania,ROU,EURO,REPORTING,2023-12-23,16112261.0,8188137.0,83.0,42.0,8142363.0,42.0,0.0,2021-01-27,0.0,1770001.0,9.0
122,Russian Federation,RUS,EURO,REPORTING,2023-12-23,187374508.0,89081596.0,128.0,61.0,79702396.0,55.0,0.0,2022-01-01,0.0,0.0,0.0
123,Rwanda,RWA,AFRO,REPORTING,2023-12-31,27322059.0,10884714.0,211.0,84.0,10399665.0,80.0,0.0,2021-03-05,0.0,5879013.0,45.0
124,Sudan,SDN,EMRO,REPORTING,2023-12-31,28662107.0,15207452.0,65.0,35.0,13416394.0,31.0,0.0,2021-03-09,0.0,38261.0,0.0
125,Senegal,SEN,AFRO,REPORTING,2023-12-31,3182308.0,2684696.0,19.0,16.0,1548665.0,9.0,0.0,2021-02-23,0.0,724754.0,4.0
126,Sierra Leone,SLE,AFRO,REPORTING,2023-12-31,9155936.0,5676123.0,115.0,71.0,4961886.0,62.0,0.0,2021-03-15,0.0,1201709.0,15.0
127,El Salvador,SLV,AMRO,REPORTING,2023-12-29,11459448.0,4659970.0,177.0,72.0,4397817.0,68.0,0.0,2021-02-17,0.0,1908547.0,29.0
128,San Marino,SMR,EURO,REPORTING,2023-12-23,69338.0,26357.0,204.0,78.0,23633.0,70.0,0.0,2021-02-24,0.0,19348.0,57.0
129,Somalia,SOM,EMRO,REPORTING,2023-12-31,8784760.0,8972167.0,55.0,56.0,7666835.0,48.0,0.0,2021-03-16,0.0,0.0,0.0
130,Serbia,SRB,EURO,REPORTING,2023-12-23,6722671.0,3398116.0,97.0,49.0,3324555.0,48.0,0.0,2020-12-23,0.0,0.0,0.0
131,South Sudan,SSD,AFRO,REPORTING,2023-12-31,4365547.0,4315127.0,39.0,39.0,4273253.0,38.0,0.0,2021-04-06,0.0,513122.0,5.0
132,Sao Tome and Principe,STP,AFRO,REPORTING,2023-12-31,263863.0,140256.0,120.0,64.0,111986.0,51.0,0.0,2021-03-15,0.0,34624.0,16.0
133,Suriname,SUR,AMRO,REPORTING,2023-12-29,554588.0,267820.0,95.0,46.0,237879.0,41.0,0.0,2021-02-23,0.0,48889.0,8.0
134,Slovakia,SVK,EURO,REPORTING,2023-12-23,7222380.0,2840017.0,132.0,52.0,2791711.0,51.0,0.0,2020-12-23,0.0,1686458.0,31.0
135,Slovenia,SVN,EURO,REPORTING,2023-12-23,3028400.0,1252307.0,144.0,60.0,1187384.0,57.0,0.0,2020-12-23,0.0,681485.0,33.0
136,Sweden,SWE,EURO,REPORTING,2023-12-23,23237123.0,7563941.0,225.0,73.0,7403549.0,72.0,0.0,2020-12-23,0.0,5542831.0,54.0
137,Eswatini,SWZ,AFRO,REPORTING,2023-12-31,870205.0,526050.0,75.0,45.0,427335.0,37.0,0.0,2021-03-19,0.0,179450.0,15.0
138,Sint Maarten (Dutch part),SXM,AMRO,REPORTING,2023-12-29,66829.0,29788.0,156.0,69.0,26773.0,62.0,0.0,2022-01-01,0.0,9146.0,21.0
139,Seychelles,SYC,AFRO,REPORTING,2023-12-31,224558.0,88520.0,228.0,90.0,83565.0,85.0,0.0,2021-01-10,0.0,44936.0,46.0
140,Turks and Caicos Islands,TCA,AMRO,REPORTING,2023-12-29,73907.0,32815.0,191.0,85.0,30710.0,79.0,0.0,2021-01-11,0.0,7443.0,19.0
141,Chad,TCD,AFRO,REPORTING,2023-12-31,9151765.0,5147667.0,56.0,31.0,5020360.0,31.0,0.0,2021-06-04,0.0,4042573.0,25.0
142,Togo,TGO,AFRO,REPORTING,2023-12-31,3423181.0,2255579.0,41.0,27.0,1554066.0,19.0,0.0,2021-03-10,0.0,427804.0,5.0
143,Tajikistan,TJK,EURO,REPORTING,2023-12-23,20568163.0,5328277.0,216.0,56.0,5191919.0,54.0,0.0,2021-03-24,0.0,5322496.0,56.0
144,Turkmenistan,TKM,EURO,REPORTING,2023-12-23,16775970.0,4614869.0,278.0,77.0,4568901.0,76.0,0.0,2021-02-24,0.0,3816400.0,63.0
145,Trinidad and Tobago,TTO,AMRO,REPORTING,2023-12-29,1592148.0,754399.0,114.0,54.0,718969.0,51.0,0.0,2021-02-17,0.0,174836.0,12.0
146,Tunisia,TUN,EMRO,REPORTING,2023-12-31,16553338.0,8896848.0,140.0,75.0,6401705.0,54.0,0.0,2021-03-13,0.0,1258577.0,11.0
147,T�rkiye,TUR,EURO,REPORTING,2023-12-23,152475057.0,57936783.0,181.0,69.0,53171790.0,63.0,0.0,2022-01-01,0.0,27896331.0,33.0
148,United Republic of Tanzania,TZA,AFRO,REPORTING,2023-12-31,39392419.0,34434933.0,66.0,58.0,32165791.0,54.0,0.0,2021-07-28,0.0,0.0,0.0
149,Uganda,UGA,AFRO,REPORTING,2023-12-31,26406936.0,20033189.0,58.0,44.0,13061126.0,29.0,0.0,2021-03-10,0.0,764664.0,2.0
150,Ukraine,UKR,EURO,REPORTING,2023-12-23,35735488.0,16267198.0,82.0,37.0,15741036.0,36.0,0.0,2021-02-24,0.0,3294979.0,8.0
151,Uruguay,URY,AMRO,REPORTING,2023-12-29,9037498.0,3010464.0,260.0,87.0,2903186.0,84.0,0.0,2021-02-27,0.0,2080961.0,60.0
152,United States of America,USA,AMRO,REPORTING,2023-12-29,711813790.0,270227181.0,215.0,82.0,230637348.0,70.0,0.0,2020-12-14,0.0,118438297.0,36.0
153,Uzbekistan,UZB,EURO,REPORTING,2023-12-23,83937954.0,22094470.0,251.0,66.0,18451781.0,55.0,0.0,2021-04-28,0.0,16413048.0,49.0
154,Saint Vincent and the Grenadines,VCT,AMRO,REPORTING,2023-12-29,73443.0,37532.0,66.0,34.0,31632.0,29.0,0.0,2021-02-01,0.0,4279.0,4.0
155,Venezuela (Bolivarian Republic of),VEN,AMRO,REPORTING,2023-12-29,37860994.0,22157232.0,133.0,78.0,14287370.0,50.0,0.0,2021-02-22,0.0,651502.0,2.0
156,British Virgin Islands,VGB,AMRO,REPORTING,2023-12-29,41453.0,19466.0,137.0,64.0,18261.0,60.0,0.0,2021-02-11,0.0,3726.0,12.0
157,Kosovo (in accordance with UN Security Council resolution 1244 (1999)),XKX,EURO,REPORTING,2023-12-23,1836901.0,904558.0,102.0,50.0,824752.0,46.0,0.0,2021-03-31,0.0,105624.0,6.0
158,Yemen,YEM,EMRO,REPORTING,2023-12-10,1298654.0,1050202.0,4.0,4.0,807057.0,3.0,0.0,2021-04-20,0.0,68925.0,0.0
159,South Africa,ZAF,AFRO,REPORTING,2023-12-31,41798812.0,24210953.0,70.0,41.0,21038797.0,35.0,0.0,2021-02-17,0.0,4410601.0,7.0
160,Zambia,ZMB,AFRO,REPORTING,2023-12-31,13615707.0,11711565.0,74.0,64.0,9155551.0,50.0,0.0,2021-04-14,0.0,1414619.0,8.0
161,Zimbabwe,ZWE,AFRO,REPORTING,2023-12-31,13935112.0,7525882.0,94.0,51.0,5662119.0,38.0,0.0,2021-02-18,0.0,2299968.0,15.0
162,United Arab Emirates,ARE,EMRO,REPORTING,2022-07-06,24922054.0,9991089.0,252.0,100.0,9792266.0,99.0,0.0,2022-01-01,0.0,5138699.0,52.0
163,Bangladesh,BGD,SEARO,REPORTING,2023-10-18,362229859.0,151504394.0,220.0,92.0,142193276.0,86.0,0.0,2021-01-27,0.0,68532189.0,42.0
164,Bahrain,BHR,EMRO,REPORTING,2022-12-21,3476633.0,1241174.0,204.0,73.0,1226796.0,72.0,0.0,2020-11-04,0.0,1008663.0,59.0
165,Brunei Darussalam,BRN,WPRO,REPORTING,2023-06-30,1293100.0,451149.0,296.0,100.0,446714.0,100.0,0.0,2021-04-03,0.0,340466.0,78.0
166,Bhutan,BTN,SEARO,REPORTING,2022-10-30,2011426.0,699116.0,261.0,91.0,677669.0,88.0,0.0,2021-03-27,0.0,634641.0,82.0
167,China,CHN,WPRO,REPORTING,2023-04-20,3516880717.0,1318026807.0,239.0,90.0,1284479582.0,87.0,0.0,2020-07-22,0.0,834060133.0,57.0
168,Cook Islands,COK,WPRO,REPORTING,2023-01-31,40080.0,15112.0,228.0,86.0,14728.0,84.0,0.0,2021-05-17,0.0,10240.0,58.0
169,Fiji,FJI,WPRO,REPORTING,2023-06-29,1555182.0,712025.0,173.0,79.0,641194.0,72.0,0.0,2021-03-07,0.0,172078.0,19.0
170,Gibraltar,GIB,0,REPORTING,2022-01-01,0.0,0.0,0.0,0.0,0.0,0.0,0.0,2022-01-01,0.0,0.0,0.0
171,Greenland,GRL,EURO,REPORTING,2022-01-01,0.0,0.0,0.0,0.0,0.0,0.0,0.0,2022-01-01,0.0,0.0,0.0
172,"China, Hong Kong SAR",HKG,WPRO,REPORTING,2022-01-01,0.0,0.0,0.0,0.0,0.0,0.0,0.0,2022-01-01,0.0,0.0,0.0
173,Indonesia,IDN,SEARO,REPORTING,2023-11-23,448199860.0,204419394.0,164.0,75.0,174965137.0,64.0,0.0,2021-01-13,0.0,69356250.0,25.0
174,India,IND,SEARO,REPORTING,2023-11-23,2208365081.0,1027419851.0,160.0,74.0,952128795.0,69.0,0.0,2021-01-16,0.0,228816435.0,17.0
175,Iran (Islamic Republic of),IRN,EMRO,REPORTING,2023-11-26,155461757.0,65199831.0,185.0,78.0,58585264.0,70.0,0.0,2021-02-09,0.0,31352288.0,37.0
176,Iraq,IRQ,EMRO,REPORTING,2023-01-02,19557364.0,11332925.0,49.0,28.0,7944775.0,20.0,0.0,2021-03-02,0.0,275280.0,1.0
177,Jordan,JOR,EMRO,REPORTING,2022-08-21,10057975.0,4821579.0,99.0,47.0,4558313.0,45.0,0.0,2021-01-13,0.0,682211.0,7.0
178,Kiribati,KIR,WPRO,REPORTING,2023-02-06,219980.0,100900.0,184.0,84.0,81474.0,68.0,0.0,2021-05-26,0.0,37606.0,31.0
179,Republic of Korea,KOR,WPRO,REPORTING,2023-09-04,135927574.0,45119824.0,265.0,88.0,44689199.0,87.0,0.0,2021-02-26,0.0,33644119.0,66.0
180,Lao People's Democratic Republic,LAO,WPRO,REPORTING,2023-05-21,13879410.0,6324678.0,191.0,87.0,5691962.0,78.0,0.0,2020-11-25,0.0,2451034.0,34.0
181,Lebanon,LBN,EMRO,REPORTING,2022-12-22,5814699.0,2740227.0,85.0,40.0,2414223.0,35.0,0.0,2021-02-14,0.0,660249.0,10.0
182,Liechtenstein,LIE,0,REPORTING,2022-01-01,71104.0,26681.0,0.0,0.0,26346.0,0.0,0.0,2022-01-01,0.0,18310.0,0.0
183,Sri Lanka,LKA,SEARO,REPORTING,2022-10-30,40116590.0,17143761.0,187.0,80.0,14752827.0,69.0,0.0,2021-01-29,0.0,8220002.0,38.0
184,"China, Macao SAR",MAC,WPRO,REPORTING,2022-01-01,0.0,0.0,0.0,0.0,0.0,0.0,0.0,2022-01-01,0.0,0.0,0.0
185,Maldives,MDV,SEARO,REPORTING,2023-05-25,951764.0,399308.0,176.0,74.0,385167.0,71.0,0.0,2021-02-01,0.0,167289.0,31.0
186,Myanmar,MMR,SEARO,REPORTING,2023-08-21,93477104.0,41551927.0,172.0,76.0,35937796.0,66.0,0.0,2021-01-27,0.0,15987381.0,29.0
187,Mongolia,MNG,WPRO,REPORTING,2023-03-17,5668144.0,2284018.0,173.0,70.0,2185282.0,67.0,0.0,2021-02-23,0.0,1058839.0,32.0
188,New Caledonia,NCL,WPRO,REPORTING,2023-04-03,480497.0,192371.0,168.0,67.0,184801.0,65.0,0.0,2021-01-20,0.0,103325.0,36.0
189,Niue,NIU,WPRO,REPORTING,2023-03-04,4923.0,1638.0,304.0,100.0,1635.0,100.0,0.0,2021-06-08,0.0,1225.0,76.0
190,Nepal,NPL,SEARO,REPORTING,2023-11-23,62627629.0,27883196.0,215.0,96.0,24471043.0,84.0,0.0,2021-01-27,0.0,10273390.0,35.0
191,Nauru,NRU,WPRO,REPORTING,2023-02-20,32157.0,13106.0,297.0,100.0,11346.0,100.0,0.0,2021-04-09,0.0,7705.0,71.0
192,New Zealand,NZL,WPRO,REPORTING,2023-04-21,12252378.0,4259911.0,254.0,88.0,4096278.0,85.0,0.0,2021-02-19,0.0,2719283.0,56.0
193,Oman,OMN,EMRO,REPORTING,2022-10-25,7108547.0,3279632.0,139.0,64.0,3048826.0,60.0,0.0,2020-12-29,0.0,779859.0,15.0
194,Pakistan,PAK,EMRO,REPORTING,2023-11-14,340974144.0,165567890.0,154.0,75.0,140475871.0,64.0,0.0,2021-02-03,0.0,53152375.0,24.0
195,Philippines,PHL,WPRO,REPORTING,2023-03-19,189317158.0,82684774.0,173.0,75.0,78443972.0,72.0,0.0,2021-03-01,0.0,23811248.0,22.0
196,Palau,PLW,WPRO,REPORTING,2023-03-10,51032.0,20295.0,282.0,100.0,18278.0,100.0,0.0,2021-01-03,0.0,12885.0,71.0
197,"occupied Palestinian territory, including east Jerusalem",PSE,EMRO,REPORTING,2022-10-18,3748571.0,2012767.0,73.0,39.0,1776973.0,35.0,0.0,2021-02-02,0.0,336967.0,7.0
198,French Polynesia,PYF,WPRO,REPORTING,2023-07-17,493692.0,195688.0,176.0,70.0,195688.0,70.0,0.0,2021-01-18,0.0,102317.0,36.0
199,Qatar,QAT,EMRO,REPORTING,2023-05-07,7609178.0,2852178.0,264.0,99.0,2852178.0,99.0,0.0,2022-01-01,0.0,1904822.0,66.0
200,Saudi Arabia,SAU,EMRO,REPORTING,2023-04-25,68534631.0,27041364.0,197.0,78.0,25433941.0,73.0,0.0,2021-01-06,0.0,16059326.0,46.0
201,Singapore,SGP,WPRO,REPORTING,2023-08-29,15302530.0,5287005.0,262.0,90.0,5248693.0,90.0,0.0,2020-12-30,0.0,4769158.0,82.0
202,Saint Helena,SHN,0,REPORTING,2022-01-01,0.0,0.0,0.0,0.0,0.0,0.0,0.0,2022-01-01,0.0,0.0,0.0
203,Solomon Islands,SLB,WPRO,REPORTING,2023-07-04,612700.0,335796.0,89.0,49.0,254016.0,37.0,0.0,2021-03-23,0.0,27896.0,4.0
204,Syrian Arab Republic,SYR,EMRO,REPORTING,2023-04-18,5090630.0,3295630.0,29.0,19.0,2358365.0,13.0,0.0,2021-04-01,0.0,75881.0,0.0
205,Thailand,THA,SEARO,REPORTING,2023-09-01,142635014.0,57666184.0,204.0,83.0,54196116.0,78.0,0.0,2021-02-28,0.0,32143431.0,46.0
206,Tokelau,TKL,WPRO,REPORTING,2022-12-05,6342.0,2203.0,470.0,100.0,2203.0,100.0,0.0,2021-07-20,0.0,968.0,72.0
207,Timor-Leste,TLS,SEARO,REPORTING,2023-11-22,2028798.0,886838.0,154.0,67.0,801759.0,61.0,0.0,2021-04-07,0.0,340201.0,26.0
208,Tonga,TON,WPRO,REPORTING,2023-06-30,204737.0,87375.0,194.0,83.0,77390.0,73.0,0.0,2021-04-14,0.0,38588.0,37.0
209,Tuvalu,TUV,WPRO,REPORTING,2023-02-01,26783.0,9763.0,227.0,83.0,9505.0,81.0,0.0,2021-04-13,0.0,5745.0,49.0
210,"Taiwan, China",TWN,0,REPORTING,2022-01-01,0.0,0.0,0.0,0.0,0.0,0.0,0.0,2022-01-01,0.0,0.0,0.0
211,Viet Nam,VNM,WPRO,REPORTING,2023-06-30,266492149.0,90497674.0,274.0,93.0,85961564.0,88.0,0.0,2021-03-08,0.0,57975220.0,60.0
212,Vanuatu,VUT,WPRO,REPORTING,2023-02-20,355430.0,176624.0,116.0,58.0,162250.0,53.0,0.0,2021-06-02,0.0,16556.0,5.0
213,Wallis and Futuna,WLF,WPRO,REPORTING,2023-01-23,17303.0,7150.0,154.0,64.0,6803.0,60.0,0.0,2021-03-19,0.0,3350.0,30.0
214,Samoa,WSM,WPRO,REPORTING,2023-02-24,453130.0,191403.0,228.0,96.0,177954.0,90.0,0.0,2021-04-18,0.0,82268.0,41.0
